,pyro3-LCO1490_EC7743_Mound12_AD4978,lovalis6-LCO1490_NoEC_Mound12_AD4908,pyro2-LCO1490_EC7743_Mound12_AD4978,MB11-LCO1490-CR180452-Mound12-AD4978,lcl|GQ160750_Pyropelta_sp,lcl|LC015190_Pyropelta_ryukuensis,lcl|FJ977753_Pyropelta
pyro3-LCO1490_EC7743_Mound12_AD4978,,,,,,,
lovalis6-LCO1490_NoEC_Mound12_AD4908,0.004573171,,,,,,
pyro2-LCO1490_EC7743_Mound12_AD4978,0.004573171,0.004573171,,,,,
MB11-LCO1490-CR180452-Mound12-AD4978,0.006880734,0.006880734,0.006880734,,,,
lcl|GQ160750_Pyropelta_sp,0.260204082,0.252024292,0.252024292,0.264344262,,,
lcl|LC015190_Pyropelta_ryukuensis,0.221238938,0.217433888,0.221238938,0.225074038,0.165354331,,
lcl|FJ977753_Pyropelta,0.22826087,0.220588235,0.220588235,0.22826087,0.263948498,0.295046662,
